,BP,reward
0,11.65200227819742,-5.015601084274262
1,4.32958609826783,7.428341618191425
2,6.755448767103105,7.400839936608547
3,1.0950839143648643,7.4752363250132685
4,5.739069616689301,7.43257006874669
5,5.0343278574777965,7.430455843469057
6,-14.32759970960238,7.443450292397658
7,-1.6559826492040977,7.441384779137829
8,0.6551113691592743,7.402989941768123
9,-1.6559826492040977,7.441384779137829
